{"x_position": 112, "y_position": 0, "battery": 0, "gyroscope": [0.3769385857191419, 0.2951882412022339, -0.004031948304846947], "wind_speed": 88.35534596701129, "dust_level": 100, "sensor_status": "RED"}